Cast date,Cast time,Block,Tx hash,Spell address,Spell name,Target,Transfers,Primes paid,USDS to primes
2025-07-28,2025-07-28T16:11:47Z,23018751,0xdd5bf338720c06dd098216e53a276a8bac00fddd80e94757f4e12c9e09f853ab,0x12a79facd8d6bbb1583593ef414897a9ba8f0d26,2025-07-24-DssSpell,spell,54,,0
2025-08-25,2025-08-25T14:00:23Z,23218581,0x9dff3cf283969f0d6b54347829463aabbcad43e79ebb7ad20c5154e951586e3f,0x3f89fedd7588456e44189a36fd888c56b2c1f589,2025-08-21-DssSpell,spell,69,,0
2025-09-08,2025-09-08T16:41:11Z,23319630,0x0032e26b8e4b284e3c61ea8aeb0870e3f0dbb7d3173945faf0449ca6ec5138e8,0x1832df0ff2bf73a182e09966166bec6c4ed0b69b,2025-09-04-DssSpell,spell,22,,0
2025-09-22,2025-09-22T14:00:23Z,23419023,0x0d42cb72cf7e58c7a7df17d976e7421c453318344138be55b1fc4e2db4655a74,0x98b876f9e8aa2d32a85042f5fe8e860d3a7b8d3b,2025-09-18-DssSpell,spell,56,GROVE SPARK,5958598
2025-10-08,2025-10-08T16:37:23Z,23534264,0x0af39af528cd328028432e17f451aff046b19536824007f2e1665f1b7ed5b2e3,0x0727ffa3221a8d3cdaaabc7d19ed0583847496e1,2025-10-06-DssSpell,spell,27,GROVE,1031866
2025-10-20,2025-10-20T14:35:35Z,23619444,0xf5590375e7fd63002cc0f3b5613f42d2d7f35c24312b713c80b519afff998745,0xf3d37a2508d269b8328026f72d65795730ce07b6,2025-10-16-DssSpell,spell,46,GROVE SPARK,3932125
2025-11-03,2025-11-03T14:38:11Z,23719448,0x2d6e84b14e37b05ec6b448226b3fd7724fc1f8dd8345a24edc1c3845a33abc89,0xa1d35e93d5bfaf300e0327d73143529f19b3da78,2025-10-30-DssSpell,spell,22,,0
2025-11-17,2025-11-17T14:00:23Z,23819348,0x865f7bbd3976013411cb77c68822b362f50ea114c798257c1a041352e6ffc518,0xed3de16bdf69f697fecf1b4103b9f48d71bddf20,2025-11-13-DssSpell,spell,4,OBEX,21000000
2025-11-18,2025-11-18T18:04:11Z,23827663,0x394b936042b15b41701bae8226432cf39b023ead75ceb5acde9c30e5199af30d,0x2140f15f957fcb0b101cd3957217174c3e4d6bf9,2025-11-17-DssSpell,spell,1,,0
2025-12-01,2025-12-01T14:00:23Z,23919087,0xf47ca40e8d13ccaeb616da11e1c627c3251c42be2d1779abd2c1888597e3d745,0xa57d885d8fb034455aadb8c3f3d5414c214cbe3d,2025-11-27-DssSpell,spell,50,SPARK,4642240
2025-12-15,2025-12-15T14:00:23Z,24018461,0x0e371cc8b68be74acd5a8dcbf39c50a1879248278bbc9dc2e33b2413d6ad601f,0x0d2bda9a446527238e802708b370dd66f375e4d1,2025-12-11-DssSpell,spell,44,CCEA1,20000000
2026-01-19,2026-01-19T14:00:35Z,24269280,0x277e82984afca8e4cbbbfb0dcdd04602243c549dedb7530a59597648794e8851,0xe91c453b7e1f4df94fb4cb69e1f4836e62718d76,2026-01-15-DssSpell,spell,28,,0
2026-02-02,2026-02-02T14:00:35Z,24369632,0xe5a95157c05e43539f52a9631c07256354c7a8c01471ad055efdf2efdbda75c6,0x4d99868f6d4d2545ebff3a1385efe31c06d3a472,2026-01-29-DssSpell,spell,24,OBEX SKYBASE SPARK,17513666
2026-02-13,2026-02-13T20:48:35Z,24450347,0x9819052cffc99e7f343e0e640baec5de6816fd58f6124697134d97f2149e66fb,0x97bd98f46d0d0769745883e76c05483f9aa15ca6,2026-02-12-DssSpell,spell,0,,0
2026-03-02,2026-03-02T14:00:23Z,24570218,0xdac2121d767cc100190a6f64ef26d5849af523a3fb0b92d9d6155f336990f289,0x4c56b1b1554b1230349d66f665814641a609c569,2026-02-26-DssSpell,spell,22,GROVE OBEX SPARK,1465256
2026-03-14,2026-03-14T14:41:23Z,24656386,0xd8986484a5b863e5f159889b25a6b434b5045405bf648db2223534dc49d01744,0x396122c087aa23bee53b38e14237b3c0c10dddbc,2026-03-12-DssSpell,spell,0,,0
2026-03-30,2026-03-30T20:26:35Z,24772796,0xbebdd875ef02efe938554d4ea04b5822db0d69bef95c789c27b84b5206b404eb,0x415396c98a5b42c0d97e4e80cb5c9079369ea4d8,2026-03-26-DssSpell,spell,40,AMATSU GROVE KEEL OBEX OZONE PRYSM SKYBASE SPARK,71539615
2026-04-13,2026-04-13T14:10:47Z,24871363,0x765fe431f6be000ea8a46fd5d3ef1d6022b7a0e7a4d95b531213fb0bd348179c,0x70da14478667c08320ef65506063abba84b6990f,2026-04-09-DssSpell,spell,6,GROVE,20797477
2026-04-27,2026-04-27T14:02:59Z,24971851,0xa02c0c6809d65b0f6b1f32c4dd6aa974052b798f02e0fbbb1d3e4d39e98cd5db,0x06851b5235cefb29c60ef3b29eb1f661d960b125,2026-04-23-DssSpell,spell,30,GROVE KEEL OBEX SKYBASE SPARK,2189471
2026-05-11,2026-05-11T14:01:23Z,25072324,0xb03f728b109246f53d8fbc88c6a35584b8df9e2f0281dfca6e6d401adb7230d6,0xa0059dadd7fbdbc81a9bb9d1d17ccb029b6af596,2026-05-07-DssSpell,spell,26,GROVE KEEL OBEX SKYBASE SPARK,2073698
2026-06-08,2026-06-08T14:22:59Z,25273266,0xe7f44210500645c9ba414177013cea83602c0f3f47e128377f4039c2eefda872,0x0ae3371e9c4e37515259d124c685fe6722c5e253,2026-06-04-DssSpell,spell,3,,0
2026-06-22,2026-06-22T14:04:59Z,25373623,0xa2bffc99b76e5a2e2733ac1f5c350c1d7590e5ae74862fad58b2816b7ab8fba6,0xc136c3c419746c2e8c0b95100ac866a747e3e04b,2026-06-18-DssSpell,spell,26,GROVE KEEL OBEX SKYBASE SPARK,6841799
2026-07-06,2026-07-06T18:00:59Z,25475149,0xd6a763d43c1cb508c62472268e2be99abece315d856564095f4435f4d008c653,0xebf156fb6c87cbe0a962944ec254b519c1441a51,2026-07-02-DssSpell,spell,3,,0
2026-07-20,2026-07-20T14:21:59Z,25574490,0x6edea9580f8cc7f74257ea1e5591137fb772258a1f3a2a569a9f4b51a42a3268,0xfffc346976c53757bcf7a536be340bc0ce1d9163,2026-07-16-DssSpell,spell,30,GROVE KEEL OBEX SKYBASE SPARK,13875840
